mcsa_id	pdb_id	residues	is_reference
1	1b73	A7,A70,A178,A180,A8,A147	True
2	1btl	A166,A234,A237,A70,A73,A130	True
3	1d4a	A155,A161,A149	True
4	1nia	A98,A100,A95,A150,A145,B280,B279,B255,A135,A136,B306	True
5	1whs	B397,A147,A146,A53,B338	True
6	2gh5	B472,B467,A66,A63,A58,A197,A201	True
7	5icd	A160,A230,A283,A307	True
8	1qpr	A172,A222,B105,A140,A201	True
9	5a1i	A250,A291,A70,A289,A285,A265,A264,A259,A258,A181,A31,A29,A32,A57	True
10	1mkb	A76,A79,A80,B84,A70	True
11	1qum	A72,A37,A69,A229,A182,A261,A231,A216,A179,A145,A109	True
12	1oth	A141,A263,A168,A171,A330,A303	True
13	2bbk	L57,H66,L122,L119,L32,L108,L76	True
14	1vnc	A402,A490,A496,A404,A360,A403,A353	True
15	1znb	A99,A101,A193,A103,A184,A181,A162,A223	True
16	1bc2	A180,A86,A149,A88,A90	True
17	1rr6	A116,A219,A86,A89,A243,A64,A33,A220,A88,A257	True
18	1jdw	A303,A305,A170,A254,A407	True
19	1dl2	A435,A132,A275,A136	True
19	1x9d	A599,A330,A334,A463	True
20	1qjd	A504,A402,A378,A381,A544,A505,A365	True
21	1do8	A421,A112,A278,A279,A256,A255,A165,A183	True
22	1b6b	A124,A97,A168,A111,A122	True
23	1xva	A137,A194,A21,A142,A175	True
24	1nzy	A145,A86,A90,A64,A114,A137	True
25	1nba	A144,A172,A51,A177,A173	True
26	1ptd	A69,A82,A33,A274,A32	True
27	1ah7	A128,A142,A146,A55,A118,A69,A14,A122	True
28	1djx	A356,A390,A312,A311,A341,A343	True
29	1djo	A1100,A1173,A1034,A1020,B3294,A1101	True
30	2pfl	A333,A419,A418,A734	True
31	1lcb	A221,A82,A198,A146,A60,A218	True
32	1qin	A99,B126,A33,B172	True
33	1jc5	A65,A91,A12,A141,A48	True
34	1mpy	A153,A199,A246,A255,A265,A214	True
35	2phk	A186,A151,A154,A167,A149	True
36	1qq5	A115,A176,A175,A173,A171,A39,A114,A12,A8,A147	True
37	5cox	A203,A526,A207,A384,A388,A530,A385	True
38	1fbx	A181,A179,A111,A112,A151,A110,A113	True
39	2mas	A39,A242,A168,A10,A15,A241,A167,A126	True
40	13pk	A39,A219,A376,A399	True
41	1dnk	A39,A212,A76,A168,A78,A134,A252	True
42	1ql0	A110,A57,A89,A127,A119	True
43	4kbp	A323,A325,A295,A164,A202,A296,A201,A135,A167,A286	True
44	1alk	A166,A155,A322,A327,A331,A369,A370,A412,A153,A102,A328,A51	True
45	1cdg	A257,A327,A229,A227,A328	True
46	2adm	A108,A196,A105,A106	True
47	1ytw	A290,A403,A356,A354,A402,A409,A410	True
48	1bzy	A133,A134,A186,A199,A137	True
49	1pya	E81,A62,A66,F195,F197,A63,F1	True
50	1dbt	A215,B65,A123,A60,A62,A33	True
51	1aq2	A333,A255,A65,A250,A213,A254,A232,A269	True
52	1b57	A286,A226,A109,A110,A264,A182	True
53	1d8c	A455,A631,A338,A272,A270,A427	True
53	1n8i	A339,A462,A633,A434	True
54	1qfe	A170,A143,A86	True
55	1gu1	A23,A113,A82,A28,A106,A79,A104,A15,A16	True
56	1ze1	A172,A81,A67,A39	True
57	2ahj	A113,A112,B76,B56,B72,A109,A114	True
58	1cju	B1065,B1029,A396,A440,A397	True
59	1dqs	A152,A250,B130,A268,A287,A271,A264,A275,A194,A260	True
60	1dea	A141,A143,A72,A148	True
61	1bjp	B61,B50,A1,B39	True
62	1req	A604,A244,A610,A243,A608,A89	True
63	1cb7	A16,A14,B100,B171	True
64	1d6m	A105,A330,A328,A7,A103,A8	True
65	1gim	A41,A13,A16,A224,A40	True
66	1daa	A145,A177,A201,A31	True
67	1pjb	A93,A117,A95,A269,A15,A74	True
68	1ivh	A135,A387,A254,A136	True
69	1lxa	A143,A126,A125	True
70	1ef8	A110,A66,A140	True
71	1eug	A77,A66,A187,A64	True
72	2fua	A92,A155,A94,A73,A209,A113	True
73	1dco	A80,A62,A89,A63,A58,A81	True
74	1bs1	A15,A37,A11,A41,A12,A115,A16,A54	True
75	12as	A251,A116,A46,A248,A100,A235	True
76	1a26	A904,A988,A907	True
77	1afw	A403,A405,A125,A375	True
78	1al6	A244,A375,A329,A320,A274	True
79	1d0s	A174,A317	True
80	1c3c	B268,B275,A141,A140,B263,A68	True
81	3csm	A16,A246,A157,A168,A194,A242,A198	True
82	1jxa	A1,A504,A488,A603,A485,A98,A481,A74,A99,A26	True
83	1l8s	B30,B49,B73,B48,B99,B52,B32,B28	True
84	1b66	B89,B88,A133,A23,A50,A42,A48	True
85	1b93	A91,C107,A19,A66,A101,A98,A71	True
86	1bg0	A273,A280,A225,A309,A271,A229,A126,A314	True
87	1fwj	C217,C360,C320,C134,C136,C246,C272,C219,C221,C336	True
88	1hxq	A55,A166,A153,A115,A164,A168,A161,A52	True
89	1ps1	A223,A80,A226,A173,A77,A76,A84,A309,A308,A219,A157,A227,A230	True
90	1b3r	A180,A82,A155,A54,A300,A130,A185,A189,A190,A194,A77,A364,A360,A352	True
91	1brw	A183,A161,A187,A168,A82	True
92	1dli	A118,A260,A208,A264,A145,A204	True
93	1dqa	B559,A767,A691,B866	True
94	1wab	A192,A47,A74,A104,A195	True
95	1fui	A337,A361,A528	True
96	1chm	A358,A232,A262	True
97	1ctt	A102,A129,A132,A104	True
98	1bsz	C1050,C1132,C1136,C1091,C1133,C1090,C1045	True
99	1g72	A297,A255,A171	True
100	1a4s	A477,A166,A263,A297	True
101	5fit	A98,A96,A83,A94	True
102	1fcb	A373,A254,A282	True
103	1vao	A108,A422,A503,A504,A170	True
104	1c9u	A163,A269,A144,A271,A273,A228,A309	True
105	1vlb	A869	True
106	1w85	C271,B59,B128,C267,C281	True
107	1n62	B763,B240,B388,B387	True
108	1ps9	A339,A166,A164,A252,A214	True
109	1d3g	A218,A215,A255,A149,A145,A217,A284	True
110	1c0p	A1335,A1339,A1054	True
111	1ofd	A207,A978,A1,A31,A227,A972,A903,A969,A228	True
112	3dfr	A116,A4,A19,A21,A26,A94,A54,A30,A27	True
113	2gb0	B45,B348,B48,B269,B265,B315,B49	True
114	2tmd	A30,A172,A267,A169	True
115	1w1o	A169,A105,A288	True
116	1hzz	B135,B235,C132,B127,B132,B138	True
117	1amo	A457,A677,A675,A630	True
118	1wrr	A10,A57,A228,A176,A256	True
119	2c3m	A64,A996,A114,A31	True
120	1zp3	A273,A26,A223,A28,A120	True
121	1sox	A322,A185,A40,A65,A138	True
122	1fva	A155,A218,A150,A103,A72,A115,A227	True
123	1jnr	A265,A398,A234,A141,A74,B48,A449,A361	True
124	1v54	A240,A319,A316,A438,A126,A61,A91,A156,A157,A242,A244,A291,A255,A290	True
125	1bt3	A118,A109,A88,A261,A240,A274,A244	True
126	2frv	D68,D72,D463,D486,D530,D533,D18,D65	True
127	1hfe	L382,L156,L159,L178,L198,L237,L240,L245	True
128	1ba3	A218,A529,A343,A443,A245	True
129	1os7	B101,B270,B99,B255	True
130	1ndo	E208,E205,E362,A104,E213	True
131	1doc	A293,A297,A385,A72,A201	True
132	1luc	A227,A113,A106,A45,A44	True
133	1yrc	A186,A359,A358,A357,A252,A251	True
134	2toh	A376,A336,A331,A395	True
135	1sdw	A107,A242,A314,A244,A172,A170,A108	True
136	1afr	A228,A143,A199,A146,A62,A229,A196,A232,A105	True
137	1unb	A74	True
138	2jcw	A143,A63,A120,A80,A83,A71,A48,A46	True
139	1v97	A1261,A880,A802	True
140	1l1l	A119,A408,A736,A731,A410,A419,A406	True
141	1dii	A512,A177,A380,C649,C650,A367,A473,A474,A384,A167,A286,A436	True
142	1e6e	A377,A376,A159,A55	True
143	1ljl	A13,A16,A15,A17,A89,A82,A105,A12,A11,A10,A14,A63,A65,A36	True
144	1g8k	E98,E24,E99,E238,F62,F81	True
145	1odm	A214,A216,A211,A270	True
146	4v4e	A174,A144,A404	True
147	1ls3	B55,A226,A229,B57,A200,A235	True
148	1onr	A156,A132,A96,A17,A178	True
149	1ggt	A396,A279,A314,A560,A373	True
150	1ndp	B122,B133,B16,B56,B119	True
151	1q0n	A82,A95,A97,A92	True
152	1f80	A62,E35,B105	True
153	1rhs	A249,A250,A251,A248,A186,A274,A252,A247	True
154	1hy3	A107,A137,A47	True
155	1t4c	A169,B261,B260,A140,A17	True
156	1mro	D445,A147,E367,D333,D481	True
157	1qh5	A54,A58,A134,A56,A59,A110,A173	True
158	1auk	A123,A73,A29,A302,A150,A282,A30,A281,A229,A69,A125	True
159	1hzy	A230,A55,A201,A301,A254,A233,A169,A57	True
160	1ako	A7,A229,A259,A153,A258,A151,A34	True
161	1en7	A41,B105,A65,A43,A40,A62	True
162	1vas	A26,A2,A22,A23	True
163	1rdd	A11,A70,A124,A10,A48,A134	True
164	1ruv	A41,A120,A121,A119,A12	True
165	2sns	A43,A40,A21,A41,A87,A35	True
166	1hs6	A296,A295,A318,A299,A375,A383,A271	True
167	1lok	A256,A152,A97,A179,A117,A151	True
168	1itq	A219,A125,A198,A20,A288,A22,A152	True
169	1pfq	A708,A631,A547,A630,A740	True
170	1o8a	A411,A354,A387,A383,A384,A523,A513,A353	True
171	1m4l	A196,A270,A72,A69,A127	True
172	1onw	A162,A201,A230,A68,A285,A70	True
173	1pq5	A195,A99,A56,A192,A193,A194	True
174	9pap	A25,A19,A159,A175	True
175	1a30	A26,A27,A25,B27,B26,B25	True
176	1kei	A142,A166,A143,A231,A226,A157,A146	True
177	1ryp	I129,I1,I19,I47,I17,I33,I169,I166	True
178	1bmf	D188,C373,D189,D162	True
179	1q3s	A64,A97,A393,A98	True
180	1hyo	A233,A201,A133,A126,A253,A240,A237,A199,A364,A257	True
181	1rql	A12,A160,A56,A49,A53,A186,A14,A45	True
182	1mum	A115,A158,A188,A85,A87,A123,A58,A210,A113,A43	True
183	1dnp	A274,A306,A359,A341,A277,A382	True
184	1ru4	A268,A273	True
185	1lwy	A268,A249	True
186	1pwh	A222,A41,A303	True
187	1mns	A247,A270,A297,A317,A195,A197,A221,A164,A166	True
188	1xel	A149,A153,A124	True
189	1m9c	A126,A63,A55,A113,A122,A60,A102	True
190	1nfs	A116,A87,A114,A32,A69,A161,A25,A67,A104	True
191	1mek	A39,A36,A37,A38	True
192	1z9h	A110,A112,A113,A107	True
193	1f2v	A43	True
194	1p5d	X20,X109,X118,X108,X244,X329,X247,X242,X246	True
195	2gsa	A245,A150,A273	True
196	1eyq	A48,A97,A106,A36	True
197	2ts1	A173,A194,A48,A233,A230,A40,A45,A82,A86,A234	True
198	1v25	A184,A439,A328,A444	True
199	1gsa	A160,A283,A210,A233,A225,A273,A125,A281	True
200	1kqp	A162,A50	True
201	1xny	A183,A182,B419,B420	True
202	1a0i	A238,A240,A34	True
203	1dpx	A35,A46,A48,A59,A50,A52	True
205	1gpb	A377,A568,A676,A569,A680,A574	True
206	1o08	A1115,A1009,A1010,A1145,A1114,A1169,A1008,A1016,A1045,A1170	True
207	1kc7	A851,A455,A92,A22,A101,A337,A103,A831,A764	True
208	1ezv	E181,C202,C272,C228,C229,C206	True
209	1lij	A318,A136	True
210	1m6k	A67,A160,A215,A115,A120,A70	True
211	1idt	A74,A165,A14	True
212	1n2c	A62,B157,E10,E129,F41,A195,B153,F15,A65,A96	True
213	1l6g	A39,B265,B313,A219,A166,A136,B311	True
214	1ecf	A102,A258,A27,A1,A101	True
215	1pvd	A471,A477,A473,A444,A413,B115,B114,B28,B51	True
216	1ca2	A119,A199,A94,A106,A96,A64	True
217	1sc9	A235,A236,A207,A80,A81,A11	True
218	1hpl	A263,A77,A153,A152,A176	True
219	1trk	A30,B481,A263,B418	True
219	4kxv	A258,A244	True
220	1mcz	F401,F281,E26,E28,E47,E70,E25	True
221	2ag0	B50,B113,B29,A419	True
222	2qut	A187,A300,A363,A189,A229,A146,A33	True
223	2qf7	A718,A655,A305,A749,A747,A353,A283,A549,A299,A297,A882	True
224	1bob	A255,A220	True
225	1vr7	B68,A83,A62,A63,B55	True
226	1qrr	A180,A183,A182,A186,A145	True
227	1e6u	A107,A140,A136,A179,A109,A108	True
228	1bxk	A160,A136,A135,A164,A134	True
229	2a84	A89,A198,A160,A88,A92,A196,A44,A40,A47,A197	True
230	1gzg	A260,A205	True
231	1uw8	A97,A95,A162,A101,A140,A92	True
232	1a41	A130,A265,A223,A274,A167	True
233	1g9z	A19,B20,A20	True
234	1gpm	A239,A181,A381,A86,A87,A183,A59	True
235	1f7u	A162,A156,A159	True
236	1q6l	A139,A37,A112,A36,A64,B68,A136,B67,B72	True
237	2c7v	A174,A14,A161	True
238	1wpo	A132,A166,A165,A134,A63,A157	True
239	7atj	A170,A38,A70,A42	True
240	1szd	A118,A135,A45,A44,A116,A42,A43	True
241	3pva	A228,A175,A1,A82	True
242	2f9r	B52,B230,B233,B252,B47,B48,B93,B12,B91,B32,B34	True
243	1ho1	A45,A12,A9,A51,A193,A103,A153,A72,A47	True
244	1cg6	A220,A222	True
245	2rjr	A70,A63	True
246	1ir3	A1137,A1150,A1132,A1136	True
247	1kzl	A48,A102,A148,A64,A2,A41,A50	True
248	1a7u	A99,A228,A257,A98,A32	True
248	1a8q	A94,A223,A252,A95,A28	True
249	1dty	A144,A17,A274,A245	True
250	2cpo	A183,A106,A105,A29	True
251	1eh6	A137,A145,A146,A172,A114	True
252	1igs	A159,A110,A53,A211,A210,A180,A51	True
253	1fps	A71,A253,A112,A214,A258,A257,A121,A126,A188,A117	True
254	1h3b	A605,A609,A169,A45,A420,A93,A262,A127,A377,A374,A365,A376,A451,A489,A495,A312,A601	True
255	1mg5	A108,A156,A152,A139	True
256	1qlh	A48,A46,A174,A67,A51	True
257	1xx2	A64,A150,A67,A272,A318,A315	True
258	1sml	A88,A86,A89,A225,A160,A84,A191	True
259	1n20	A351,A452,A344,A578,A323,A504,A500,A496,A355	True
260	1gtk	A84,A83,A155,A131,A242,A132,A149	True
261	1di1	A206,A92,A112,A178,A333	True
262	1jfg	A182,A96,A93,A97,A232,A304,A305,A100	True
263	3kb9	A95,A96,A338,A198	True
264	1ezf	A218,A228,A171,A288	True
265	5eat	A402,A273,A527,A525,A264,A444,A441,A520,A403,A401	True
266	1apy	A49,B183,B234,B235,B211,B201	True
267	1dhp	A161,A138,A44,B107,A203,A133	True
268	1bmt	A810,A757,A759	True
269	3dgb	A329,A226,A200,A169,A24,A171,A251,A275	True
270	1h1z	A11,A40,A144,A71,A38,A36,A178,A69	True
271	1pym	A47,A85,A114,A87,A120,A122,A58,A190,A159,A48,A46,A123	True
272	1f61	A153,A180,A191,A315,A317,A193,A228	True
273	1jdi	A229,A171,A120,A97,A95	True
274	1pow	A122,A121,A479,A394,A480,A483,A59,A264	True
275	3ey9	B113,A380,B112,B50,A465	True
276	1ogy	E152,E346,E384,E383,E153,E56	True
277	1zk7	A42,A464,A465,A47	True
278	2b3i	A39,A90,A85,A82	True
279	1sur	A204,A208	True
280	1dtw	A291,A162,A76,A292	True
281	2gmh	A367,A553,A556,A528,A559,A331,A82	True
282	1s9i	A194,A221	True
283	1k0g	A274,A258	True
284	2dd5	B108,C133,C132,C128,C131	True
285	1uok	A98,A329,A199,A328,A255	True
286	2z67	A249,A278,B307,B94,A166,B72,B95,B102	True
287	1g8f	A201,A290,A204,A197,A196	True
288	3s8r	A624,A170,A239,A413,A192	True
289	1n0h	A202,B582,A139,A251,A201	True
290	1zio	A127,A160,A171,A13,A88	True
291	1mla	A117,A201,A93,A250,A11,A92	True
292	1dd8	A328,A390,A298,A392,A163,A333	True
293	1mht	A119,A163,A81,A165	True
294	1yq4	A253,A251,A408,A297,A130,A266,A263,A364	True
295	1adn	A69,A38,A42,A72	True
296	1n1d	A46,A44	True
297	1s6l	A99,A159,A96	True
298	2pan	A25,A476,A421,A51,A479	True
299	1b6t	A129,A42,A91,A18	True
300	2pz0	A239,A59,A18,A17,A121,A119,A46,A44	True
301	1mki	A74,A201,A253,A271,A77	True
302	1ct9	A1,A324,A74,A321,A50,A75	True
303	1mb9	A443,A348,A382	True
304	1ea0	A886,A232,A1,A231,A479,A937	True
305	1et0	A159,A193,A38	True
306	2vck	A105,A206	True
307	3cmm	A481,A782,A544,A603,A21,A781,A600,A601	True
308	1xld	A56,A87,A182,A292,A53,A180,A216,A219,A244,A254,A256	True
309	1ile	A518,A594,A554,A558,A85,A46,A591	True
310	1e4e	A19,A22,A250,A99,A315,A290,A244,A311	True
311	7enl	A159,A211,A373,A168,A396,A345,A39,A246,A295,A320	True
312	1kq3	A252,A269,A169,A255	True
313	1diz	A238,A218,A222	True
314	1qdl	B84,A377,A357,A393,B85,B56,A306,B177,A333,B175	True
315	1ey3	A164,A98,A141,A144	True
316	1j21	A12,A173,A92,A121	True
317	1uag	A115,A138,A183	True
318	1j09	A246	True
319	1oya	A37,A251,A194,A196,A191	True
320	3h8i	A129,A215,A350,A178,A386,A353	True
321	1yt3	A85,A30,A28,A155,A151	True
322	1gog	A228,A495,A496,A581,A272,A290	True
323	2akj	A109,A487,A481,A223,A486,A224	True
324	1tph	1165,1171,111,1211,197,113,195	True
325	2eua	A416,A284,A420,A190,A240	True
326	1pkn	A327,A119,A72,A269	True
327	1i58	A409	True
328	1lbm	A7,A126	True
329	2ixj	A65,A74,A134,A171	True
330	2zr8	A57,A212,A208,A82,A214,A308	True
331	1rm0	A320,A369,A412,A489	True
332	1uam	A154,A89,A169,A116	True
333	2o1x	A289,A401,A373	True
334	1bwz	A217,A208,A220,A73,A159	True
335	1jfl	A124,A194,A82,A164,A84,A48	True
336	2hdh	A208,A170,A158,A137	True
337	1chd	A165,A164,A190,A286,A283	True
338	2id0	A313,A500,A201,A209,A210,A207	True
339	1c3j	A100,A22,A72,A191	True
340	2wml	A319,A269	True
341	1sg4	A111,A136,A66,A135	True
342	1dci	A176,A117,A204,A196,A173	True
343	1hzd	A186,A141,A189,A209	True
344	2gtr	A66,A115,A146	True
345	3bpt	A169,A146,A177,A98	True
346	1q51	A115,A185,A190,A105,A161,D287	True
347	2vss	A143,A70,A120,B239,A75	True
348	2chr	A220,A163,A245,A194,A323,A165,A269	True
349	1e3v	A103,A40,A16,A100	True
350	1h3i	A245,A293,A335,A305,A297	True
351	1snz	A107,A176,A307	True
352	3pmg	B291,B289,B287,B116,B117,B292,B388	True
353	1mbb	A159,A229,A325	True
354	1coy	A485,A361,A447	True
355	1cgk	A215,A164,A336,A303	True
356	1vzx	A356,A365,A280,A314,A247,A317	True
357	3thi	A272,A113,A241	True
358	2a5h	A330,A112,A113,A116,A132,A134,A337,A293,A129,A125	True
359	1f9z	B5,A74,B56,A122	True
360	2fp8	A309	True
361	3a15	A299,A178,A320,A219,A306,A143	True
362	1d6o	A99,A36,A26,A37,A82,A56	True
363	1grc	A108,A106,A144,A135	True
364	2tps	A130,A159,A59	True
365	1pfk	A125,A171,A72,A103,A11,A129,A127	True
366	1ecl	A9,A321,A111,A113,A115,A319,A365	True
367	2iht	A492,A463,A490,A561,B57,A438	True
368	1i8t	A278,A348,A170,A174,B247,B346,A298	True
369	1dlg	B23,B120,B22,B397,B305,B115	True
370	2ybp	A177,A188,A190,A276,A288,A170	True
371	1a05	B190,A246,A140,A250,B222	True
373	1qi9	A490,A486,A480,A418,A416,A411,A417,A349,A341	True
374	1qi9	A416,A341,A349,A411,A417,A490,A486,A480,A418	True
375	4ts9	A90,C43,A204,A24,A87,A217,A20	True
376	1a4l	A217,A295,A17,A238,A214,A15	True
377	1r0m	A170,A168,A142,A269,A245,A220,A195,A297	True
378	1mok	B501,A137,A87,A82,A78	True
379	1a16	A404,A38,A243,A350,A361,A383,A387,A260,A271,A406,A354	True
380	1nlu	A84,A80,A287,A170	True
381	1tde	A135,A139,A138	True
382	1gxs	A158,A270	True
383	1a50	B109,A49,A60,B87,A175,B377,A233,A235,A183,A102,A173,B190,B235,B236,B351,B110,A234,B232,B233,B234	True
384	1a8h	A297,A22,A19,A147,A127,A130,A144,A300	True
385	1eg7	A1384,A1074,A1412,A1108,A1304,A1076,A1097,A1276	True
386	1qi9	A486,A490,A480,A418,A416,A341,A417,A349,A411	True
387	1yph	E196,C57,E195,E193,C102	True
388	5hrc	A197,A14,A83	True
389	1a4i	A56,A100,A125	True
390	2qt6	A451,A454,A64,A66,A399,A452,A462,A453,A397,A109,A111,A394,A457	True
391	1a95	A92,A89,A88	True
392	1af7	A53,A154	True
393	1agm	A120,A179,A400,A180,A176	True
394	1aj0	A221,A255	True
395	1ak0	A60,A1,A126,A149,A120,A116,A153,A6,A48,A45	True
396	1am5	A37,A35,A215,A39,A32,A75,A218	True
397	1amy	A179,A204,A289	True
398	1aop	A440,A434,A217,A83,A215,A153,A479,A483	True
399	1apx	A179,A208,A38,A42,A163	True
400	1aq0	A283,A232,A288,A280	True
401	1aql	A320,A107,A108,A435,A195,A194	True
402	1arz	A159,A163	True
403	1ast	A102,A149,A93,A96,A92	True
404	1asy	A333,A325,A531,A327,A478,A481,A334	True
405	1at1	A84,A134,A54,A55,A105	True
406	1aui	A92,A151,A90,A118,A199,A281,A122,A121,A254,A150	True
407	2o7r	A282,A93,A278,A170,A92,A169,A306,A276	True
408	1auw	A294,C160,A281,A287	True
409	1aw8	B58,D9,B25	True
410	1ax4	B72,A132,A266,A225,A133,A458,A223	True
411	1ay4	A224,A140,A258,A222	True
412	1azw	A43,A294,A266,A111,A110	True
413	1azy	A84,A85,A186,A86,A123,A83,A191,A190,A171	True
414	1b2m	A58,A100,A77,A92,A38,A40	True
415	1b6g	A124,A175,A260,A289,A125	True
416	1h7a	A441,A311,A446,A580,A78,A292,A288,A79,A290	True
417	1b8f	A195,A53,A83,A280,A283,A329,A414	True
418	1b8g	A230,A273,A232,A145	True
419	1b9h	A226,A188,A159,A88,A162,A185,A219,A236	True
420	1bd3	A238,A235,A141,A137	True
421	1bf2	A230,A435,A229,A232,A510,A128,A375,A259	True
422	4v40	A604,A357,A461,A537,A391,A416,A201,A418,A601,A597	True
423	1bhg	A504,A451,A207,A540	True
424	1bjo	A102,A174,A198	True
425	1qrz	A741,A646,A603,A742	True
426	1bol	A57,A109,A105,A46,A49,A108	True
427	1boo	A96,A54,A53	True
428	1bqc	A128,A225,A198,A196,A254,A127,A50	True
429	1brm	A274,A267,A162,A135	True
430	1bs0	A207,A179,A175,A236,A47,A133,A204	True
431	1bs9	A187,A91,A90,A13,A175	True
432	1bvv	A35,A69,A172,A80,A78	True
433	1bvz	A421,A354,A325	True
434	1bwd	A108,A179,A227,A229,A331,A332,A9,A286	True
435	1bxr	C202,C215,C303,C841,C848,C722,C243,C283,C301,C829,D355,C721,C761,D269,C843,D353,C299,C715,C285,C129,C169	True
436	1bya	A380,A342,A383,A186,A101	True
437	1c4x	A40,A186,A109,A264,A235,A110,A263,A111	True
438	1c4z	A820,A818,A607,A550,A539,A506,D86	True
439	1c82	A462,A399,A408,A349	True
440	1qk2	B181,B401,B221,B169,B174,B175	True
441	1cb8	A288,A234,A175,A371,A225	True
442	1cbg	A183,A326,A137,A324,A397,A91	True
443	1cc1	S264,S258,L492,L425,S208,S211,S237,S231,S164,S126,S267,S246,S21,L495,L77,S18,L23,L70,L73	True
444	1cel	A228,A217,A214,A212	True
445	1cev	A99,A126,A271,A124,A122,A226,A228,A139	True
446	1cfr	A190,A71,A204,A134	True
447	1cg2	A141,A385,A200,A112,A176,A175	True
448	1chk	A45,A22,A40	True
449	1cl1	A58,A185,A210,A111	True
450	1dgs	A116,A114,A118,A312,A427,A221,A406,A409,A422	True
451	1ec9	A235,A237,A207,A289,A205,A339,A313,A341,A260	True
453	1jkm	A308,A202,A338,A233,A238,A127,A128	True
454	1rpt	A257,A79,A15,A12,A11,A258	True
455	3eca	A25,C283,A89,A12,A162,A90	True
456	1d5r	A92,A124,A130	True
457	1g6t	A385,A386,A94,A411,A341,A49,A313	True
458	1a4i	A100,A49,A56	True
459	1pyl	A71,A56,A67,A86	True
460	1myr	A95,A409,A330,A328,A190,A187	True
461	1s9c	A213,A216,A193,A198	True
462	1pnt	A17,A18,A129,A15,A19,A12	True
463	2dw7	A55,A213,A265,A239,A182,A184,A292,A322,A341	True
464	1teh	B115,B100,B97,B67,B103,B68,B111,B47,B48,B46,B369,B174	True
465	1ju3	A117,A166,A259,A287,A44,A118	True
466	1ci8	A135,A133,A152,A351,A75,A78,A181,A348,A253,A186	True
467	1cv2	A132,A108,A109,A38,A272	True
468	1kcz	A238,A331,A194,A329,A307,A172,A273	True
469	1bzc	A181,A262,A222,A221,A215	True
470	1gz6	A164,A168	True
471	1hoz	A261,A186,A40,A260,A15,A10,A83,A137	True
472	1s95	A242,A427,A400,A303,A275,A304,A274,A352,A271,A244	True
473	1xqd	A393,A286,A352,A243	True
474	3zo8	F75,D7,D78,D116,D108,D90,F63	True
475	1cns	A89,A67	True
476	1cqj	B197,B109,A208,A246	True
477	1cqq	A40,A71,A147,A145	True
478	1ctn	A390,A313,A311,A315	True
479	1cwy	A293,A340,A395	True
480	1czf	A180,A258,A201,A202,A256,A223	True
481	1d2r	A195,A192,A111	True
482	1d7r	A243,A210,A138,A272,A406,A246	True
483	4hpn	A329,A269,A166,A194,A246,A296,A220	True
484	1d8d	A164,B359,B352,B300,B294,B291,B299,B248,B297,B362	True
485	2qmx	A171,A173	True
486	1d8h	A409,A307,A456,A305,A496,A393	True
487	1db3	A132,A156,A160,A134	True
488	1de6	A294,A193,A334,A267,A234,A270,A302,A236,A304	True
490	1dhf	A30,A22	True
491	1dhr	A150,A146	True
492	1din	A171,A37,A123,A124,A202,A85,A36	True
493	1dj0	A205,A58,A60	True
494	1dio	A335,A143,A362,A221,A141,A296,A170	True
495	1dmu	A143,A116,A144,A142	True
496	1djl	A925,A1006,A890	True
497	1ycf	A167,A228,A85,A195,A81,A83,A25,A148	True
498	2hgs	A151,A144,A369,A146,A450,A364,A305,A368,A125	True
499	1pjh	A70,A158,A101,A126	True
500	1e3i	A67,A178,A48,A47,A46,A182	True
502	3es7	A90,A45,A42,A297,A221,A193,A246,A164,A162	True
503	4jn7	A216,A265,A242,A292,A189,A191	True
504	1qhf	A8,A59,A86,A181	True
505	1e0c	A232,A231,A233,A230,A234,A235,A236	True
506	1fnb	A314,A312,A272,A96,A95	True
507	1c17	M210,M206,L61,M214	True
508	1lws	A78,A434,A403,A1,A79,A76,A301,A433,A454	True
509	1r76	A307,A172	True
510	1bix	A309,A171,A210,A96,A212,A308,A283,A70	True
511	1nmw	A157,A154,A131,A59,A113	True
512	1eej	A125,A101,A98,A95	True
513	1gpr	A66,A83,A68	True
514	1e2a	A78,A80,A82	True
515	1e2t	A122,A107,A69,A64,A39	True
516	1qrg	A62,A75,A202,A117,A84,A81,A122	True
517	1i6p	A42,A46,A44,A98,A101	True
518	1r4z	A77,A156,A78,A133,A12	True
519	1tah	B88,B287,B285,B87,B291,B17,B263,B295,B241	True
520	1thg	A217,A218,A463,A354,A132	True
521	1ebf	A223,A219	True
522	1eh5	A115,A289,A233,A41,A116	True
523	1pja	A112,A228,A283,A111,A45	True
524	1z4r	A573,A575,A577,A579,A645,A642,A568,A576,A611	True
525	1mj9	A304,A338	True
526	4mdh	A158,A186	True
527	1emd	A177,A150	True
528	1it4	A44,A65,A43,A85,A64	True
529	1cjy	A197,A228,A198,A549,A200	True
530	1jch	A517,A545,A513,A510	True
531	1xvt	A169	True
532	1rhc	A39,A43,A108	True
533	1bh2	A178,A204,A48,A200,A43	True
534	1vom	A457,A182,A233,A186,A459,A236,A237,A181	True
535	4pc7	A24,A84,A25,A21	True
535	5jbq	A83	True
536	1g8p	A289	True
537	2bvc	A368,A219,F54,A227,A133,A366,A276,A347,A135	True
538	1bib	A317,A118,A183	True
539	1b7y	A314,A178,A149,A218,A261,A204	True
540	1qf6	A381,A383,A385,A363,A511,A334,A465	True
541	1u3f	A124,A115,A154	True
542	1jof	A212,A148,A196,A274	True
543	1f75	A140,A46,A29	True
544	1f6d	A246,A213,A215,A117,A131,A95	True
545	1f2d	A295,A51,A269	True
546	1eyi	A97,A98,A280,A120,A118,A74,A121,A68	True
547	1ey2	A292,A335,A341,A371,A365	True
548	1exp	A169,A235,A205,A127,A233	True
549	1exn	A83,A86,A128,A68,A26,A204,A201,A155,A153,A131	True
550	1fq0	A45,A49,A133	True
551	1foh	A281,A289,A364,A54	True
552	1fgh	A642,A165,A644,A101,A100,A447	True
553	1fdy	A165,A137	True
554	1f8x	A92,A7,A72,A98	True
555	1f8r	A223,A326	True
556	1esc	A106,A280,A14,A283,A66	True
557	1eq2	A116,A178,A140	True
558	1d2t	A189,A193,A183,A150	True
559	1js4	A424,A58,A55,A206	True
560	2nlr	A203,A120	True
561	2eng	A121,A10	True
562	1aa6	A333,A140,A141,A44	True
563	1kqf	C169,A197,A196	True
564	1a4y	B13,B114,B40	True
565	1a79	A125,A115,A156	True
566	1gcu	A97,A171,A126,A96,A123,A170	True
567	1gal	A516	True
568	1ga8	A244,A105,A250,A103,A188,A130,A189,A78	True
569	1fuq	B324,A188,B331,B318	True
570	1fr8	A254,A318,A317,A252,A314,A349,A347,A344	True
571	1gdh	A269,A240,A287	True
572	1o9i	A148,A69,A35,A181,A66,A178	True
573	1iph	A392,A201,A128	True
574	1kas	A163,A400,A303,A314,A340,A335	True
575	1jen	B67,A243,A68,A82,A229	True
576	1j49	A265,A236,A297,A260	True
577	1ima	A92,A95,A70,A93,A220,A90	True
578	1hrk	A92,A98,A76,A340,A347,A164,A165,A263,A343	True
579	1hrd	A125,A165	True
580	1ghs	A231,A279,A282,A288	True
581	1fgj	A467,A334,A268,A267,A233	True
582	1m53	A241,A295	True
583	1lnh	A518,A523,A709,A857,A713	True
584	1ldm	A169,A193,A106,A166	True
585	1lbu	A194,A161,A197,A154,A192,A189,A195	True
586	1lba	A128,A17,A46,A130,A122	True
587	1lam	A262,A336	True
588	1kim	A220,A83,A62,A222,A162,A163,A225	True
589	1kfu	L288,L286,L262,L105,L99	True
590	1idj	A236,A176,A239,A154	True
591	1hfs	A201,A205,A202,A211	True
592	3idh	A205,A169	True
593	1evy	A267,A210	True
594	1wd8	A645,A473,A471,A350	True
595	1s2k	A136,A53	True
596	1eb6	A129,A106,A143,A132,A128	True
597	1uch	A95,A169,A184,A89	True
598	1dki	A47,A212,A195	True
599	1fy2	A157,A120,A121,A192,A88	True
600	1mhy	D147,D209,D246,D114,D243,D144	True
601	1mhl	B95,D239	True
602	1kez	A143,A142,A169,A259	True
603	1jm6	A1243,A1247,A1239,A1246	True
604	1mlv	A287	True
605	1q6x	A334,A550,A95,A108	True
606	1qsg	A156,A163	True
607	1r16	A98,A174,A179	True
608	1ds2	E102,E193,E195,E57,E214	True
609	1ssx	A214,A193,A195,A102,A57	True
610	1kyq	A141	True
611	1ush	A116,A43,A217,A254,A252,A84,A41,A379,A410,A375,A120,A117	True
612	1sll	A318,A595,A713	True
613	1p1x	A167,A201,A102	True
614	1q3n	A26,A60,A250	True
615	2ocp	A70,A142	True
616	1fcq	A301,A113,A227,A184,A111	True
617	1bg6	A297,A202	True
618	1e5q	C126	True
619	1cf2	P219,P140	True
620	1guf	A79	True
621	1kyw	A269,A270,A329,A297	True
622	1uqt	A154,A361	True
623	1r1j	A711,A650,A646,A587,A583,A584,A717	True
624	1gcb	A392,A73,A369,A67	True
625	1ltq	A126,A15,A165,A35	True
626	1epw	A267,A369,A233,A229,A230	True
627	1l6p	A68,A70,A71,A42,A109,A103	True
628	1ksj	A70	True
629	1ndi	A107,A554,A343,A120	True
630	1j79	A139,A177,A250,A18,A16,A102	True
631	1agy	A120,A42,A121,A175,A188	True
632	1jms	A434,A345,A343	True
633	1aug	A144,A91,A168,A81	True
634	1v0y	A170,A473,A448,A202	True
635	1t7d	B88,B90,B145,B278	True
636	1uaq	A62,A89,A94,A64,A91	True
637	1dek	A15,A68,A206	True
638	1i1i	P613,P475,P478,P503,P474	True
639	1mvn	A175,A90	True
640	1l8t	A208,A195,A44,A190	True
641	1pwv	A686,A687,A690,A735,A728	True
642	1nsf	A708,A550,A631,A549,A604,A603	True
643	1g99	A7,A241,A384,A91,A180	True
644	1nww	A53,A99,A101,A132,A55	True
645	1gt7	A117,A212,A143,A141,B171	True
646	1p4r	B431,A267,B592,A266	True
647	1kny	A149,B52,B50,A145	True
648	1snn	A30,A95,B106,B147,A185,A55	True
649	1h54	A487	True
650	1qd6	C146,C152,C142,C144,C147,D106,C156	True
651	1ig8	A211,A173,A158	True
652	1nvm	A200,A202,A18,A291,A21	True
653	1kzh	A82,A206,A177,A203,A204,A146	True
654	1oj4	A10,A141	True
655	1p7m	A38,A16,A46	True
656	1kaz	A175,A71,A10,A199	True
657	1hr6	B150,B70,B74,B73,B143	True
658	1fhl	A246,A45,A136	True
659	1k82	A1,A2	True
660	1do6	A14,A15,A111,A114,A47,A41,A16	True
661	1hdh	A55,A375,A317,A211,A115,A113,A51,A14,A13,A318	True
662	1bo1	A150,A278	True
663	1rk2	A252,A254,A255,A253	True
664	2dhn	A22,A100	True
665	1ez1	A286,A363,A287,A267,A279,A160,A162	True
666	1mpx	A340,A175,A307,A82,A174	True
667	1pz3	A175,A294	True
668	1lml	A265,A268,A334,A264	True
669	1b7b	A11,A209,A128,A271,A12	True
670	1jxh	A208,A211,A213,A210,A176,A212	True
671	1fo6	A172,A47,A110,A127,A146,A197	True
672	1bou	B61,B195,B242,B12	True
673	1kdg	A732,A609,A689	True
674	1uf7	A126,A171,A46	True
675	1pix	B417,A151,A194,B457	True
676	1b65	A146,A218,A288,A250,A289	True
677	1g79	A197	True
678	1ht1	A1,A124,A33,A45	True
679	1nln	A115,A71,A54,A122	True
680	1nn4	A66,A9,D134,D99,A68	True
681	1gq8	A157,A113,A135,A136,A225	True
682	8pch	A159,A25,A19	True
683	1k4l	A94,A153,A37,A66,A174,A41,A99,A136	True
684	1qaz	A191,A246,A192,A68,A239	True
685	1gp5	A234,A213,A232,A288	True
686	1e1a	A229,A37,A287,A175,A120,A21	True
687	1roz	B137,A288,A329	True
688	2odq	A659,A487,A541	True
689	1r6w	A190,A133,A161,A235,A213	True
690	1ogo	X376,X395	True
691	1peg	A178,A283	True
692	1dl5	A59	True
693	2rnf	A40,A116,A12	True
694	1oxa	A241,A244,A360,A246,A351	True
695	2bsx	A27,A45,A88,A206	True
696	1dgk	N603,N539,N657	True
697	2hsa	A190,A188,A185	True
698	1jrp	B730,B310	True
699	1bu7	B268,B400,B393	True
700	1b5d	A60,A179,A148	True
701	1eu1	A116,A114	True
702	1pjq	A382,A248,A270	True
703	1vq1	A198,A197,A100	True
704	1c4t	C323,A375	True
705	1pp4	A74,A195,A192,A42,A9	True
706	1r44	A184,A71,A181,A116,A123	True
707	1mt1	A47,F109,E52	True
708	1w27	A110,A351,A400	True
709	1dj1	A48,A52,A191	True
710	1ra0	A61,A313,A214,A63,A156,A217	True
711	2esd	A154,A284,A250	True
712	1xa8	A56,A54,A59	True
713	1m54	A119	True
714	1fft	A75,A315,A299,A420,A288,A286,A284,A211,A204,A149,A145,A135,A124,A142,A103,A79,A71,A61,A201,A421,A419,A362,A359	True
715	1l1d	B477,B493,B495,B484,B440,B480	True
716	1im5	A54,A52,A101,A71,A129,A133,A60,A10,A94	True
717	1x7d	A228,A56	True
718	2fqq	A285,A286,A238,A237,B390	True
719	1pd2	1104,114,18	True
720	1j2u	A34,A120,A45,A36,A183,A122,A178	True
721	1yon	A176	True
722	1ozh	A476,A394,A422,A447,A474	True
723	1s01	A221,A32,A155,A64	True
724	1jhf	A119,A156,A118,A152	True
725	2acu	A110,A48,A43,A77	True
726	1m21	A202,A123,A226	True
726	1ocl	A154,A153,A152,A155,A158,A150,A131,A62	True
727	1l7n	A12,A13,A100,A171,A144,A11	True
728	1tht	A241,A211,A114	True
729	2f9z	C21,C44,C27	True
730	1kl7	A124	True
731	1mt5	A217,A241,A218,A142,A240,A239,A238	True
732	1xs1	C115,A138,C111,A124,A126	True
733	1zoi	A31,A122,A98,A97,A256,A227	True
734	2hi7	B44,B48,B104,B130,B41	True
735	1ehk	A233,A237,A384,A385,A386,A449,A450,B86,B88	True
736	1x9h	A135,A203,A298,B219	True
737	1xrs	A263,B144,A370,A298	True
738	1o98	A62,A261,A336,A403,A407,A462,A444,A445,A12,A154	True
739	1knp	A290,A351,A121,A386,A244	True
740	1v04	A115,A53,A270,A269,A224,A168,A134	True
741	1kae	A262,A259,A360,B419,A326,A327	True
742	1qz9	A227,A375,A129,A226,A201	True
743	1gqg	A68,A73,A112,A66	True
744	1am2	A53,A196,A75,A74,A182,A197,A72,A198,A1,A187	True
745	1ab4	A78,A122,A32	True
746	1qol	B148,B163,B51,B46	True
747	1l9x	B110,B220,B222	True
748	1j7g	A78,A79,A80	True
749	1nml	A114	True
750	1u8v	A190,A103,A292,A299,A99,A257,A455,A296	True
751	1tz3	A251,A249,A252,A250	True
752	1vie	A68,A67,A32,A69	True
753	2a0n	A11,A130	True
754	1j53	A12,A167,A14,A61,A162	True
755	1j00	A44,A10,A73,A154,A157	True
756	1zrz	A369,A374,A371	True
757	1stc	E201,E171,E184,E166,E168	True
758	1u5u	A67,A66,A353,A137	True
759	1cs1	A198,A173,C48,A101	True
760	1l0o	A46,A105,A50	True
761	1iu4	A64,A272,A255,A274	True
762	1fc4	A244,A213,A185	True
763	2bhg	A182,A46,A84,A163	True
764	2f61	B340,B370,B342,B235	True
765	1s20	A44	True
766	1s3i	A106,A142	True
767	1r30	A128,A53,A260,A60,A57,A97,A188	True
768	1qv0	A138,A175,A22,A190,A92	True
769	1zm2	F553	True
770	1foa	A213,A291	True
771	1uk7	A103,A252,A34,A104,A224	True
772	1u7u	A210	True
773	1tox	B148	True
774	1oba	A10,A92,A94,A182	True
775	2cy0	A64,A100	True
776	1rgq	A60,A142,A140,A84	True
777	1aam	A258,A142,A223	True
778	1fwk	C183,C130	True
779	1goj	A95,A91,A93,A94,A96,A235,A238	True
780	1hqc	A146,A205,A51,A52,A97	True
781	1p4n	A211,A304,A319,A36,A305,A108	True
782	1ei5	A155,A65,A62,A287,A153	True
783	1k30	A139,A144	True
784	1w0h	A298,A136,A234,A134,A293	True
785	1psd	A292,A269	True
786	1ge7	A133,A117,A121,A130,A118	True
787	1t0u	A168,A80,A8,B223	True
788	2e2h	A481,B837,A1085,A485,A483	True
789	1nbf	A481,A223,A218,A464	True
790	1ex1	A491,A285	True
791	1fr2	B102,B103,B5,B100,B131,B127,B96	True
792	1qfn	A8,A72,A13,A11,A14,A18,A10	True
793	1qwn	A471,A90,A92,A341,A204	True
794	1jh6	A124,A121,A44,A117,A42,A119	True
795	1wnw	B53,B131,B140,B136,B132,B135,B25	True
796	1fa0	A89,A100,A102,A224,A154,A215	True
797	1rba	A321,A191,A192,A329,A193,A287,A194,A166	True
798	1rtf	B195,B102,B57,B193	True
799	1f48	A21,A18,A22,A45,A23,A20,A502	True
800	1h7x	C709,C671,C574	True
801	1kws	A196,A281	True
802	1l1r	A100,A63	True
803	1o04	A302,A268,A192,A399	True
804	1gpj	A84,A48	True
805	1x9y	A243,A340,A237,A360	True
806	1cvr	A244,A212,A152,A211	True
807	6u7t	A43,A126,A144	True
808	1k32	A746,A965,A966,A918	True
809	1b5q	C62	True
810	2bif	A255,A305,A256,A325,A262,A390	True
811	1hv9	B18	True
812	1q91	A41,A43,A176	True
813	1iyd	A159	True
814	1glo	A164,A25,A184,A19	True
815	1pau	A285,A177,A178,A238,A237	True
816	1nw9	B287,B178,B237,B238	True
817	1itx	A204,A200,A279,A202	True
818	1qtn	A258,A360,A318,A317	True
819	2dbt	A147,A156,A194	True
820	2bkr	A26,A103,A163,A119,A102	True
821	1i78	A99,A83,A85,A210,A212	True
822	1i19	B121,B311,B477,B475	True
823	1mqw	A76,A97,A93,A64,A142	True
824	1g24	A174,A214	True
825	1ahb	A163,A71,A160	True
826	1un1	B87,B89,B85	True
827	1y9m	A241,A41	True
828	7nn9	A371,A151,A292,A406,A277	True
829	1v0e	A581,A647,A596,A325,A350	True
830	2bx4	A41,A145,A143	True
831	1cz1	A292,A192	True
832	1de3	A137,A50,A96	True
833	1qhg	A223,A254,A610,A224,A37,A38	True
834	3ufj	A140,A151	True
835	1euu	A260,A92,A370	True
836	1avq	A131,A129,A93,A130,A102,A109	True
837	1cz0	A61,A105,A98,A119	True
838	1znv	B569,B545,B544,B5,B573	True
839	1cw0	A63,A69,A97,A51	True
840	1ro7	A156,A129,A188,A162	True
841	1pnl	B241,B69,B1	True
842	1dqr	A357,A272,A210,A271,A518,B388,A216	True
843	1dpg	A177,A240,A178	True
844	1dup	A80,A90,A73,A29,A71	True
845	1dw9	D96,D99,A122	True
846	1dxe	A153,A89,A50,A179,A75	True
847	1ehy	A215,A108,A38,A246,A152,A107,A275	True
848	1elu	A223,A200,A197,A360,A114,A199	True
849	1su4	A703,A707,A351	True
850	1euy	A260,A34,A270	True
851	1gp1	A80,A158,A45	True
852	1gox	A106,A230,A129,A155,A254	True
853	1g64	A39,A128,A42,A91,B51,A43,A41,A93,A37	True
854	1ohv	B353,A329,A298,A189	True
855	1i29	A226,A203,A364,A200,A123	True
856	1inp	A153,A155,A79,A156,A54,A317,A158	True
857	1qb4	A713,A138,A581,A506,A543,A396	True
858	1mrq	A84,A50,A55,A117	True
859	1nf9	A38,A122,A37	True
860	1ord	A355,A223,A316	True
861	4mup	A240	True
862	1ndh	A66,A245,A65,A49	True
863	1nhx	A286,A311,A87,A405,A288,A244,A264,A235	True
864	1oac	A526,A689,A369,A383,A524,A466	True
865	1oas	A272,A41	True
866	1l7a	A269,A181,A182,A298,A91	True
867	1oe8	A21,A10	True
867	1xw6	A42,A6,A107	True
868	1ofg	A217,A129	True
869	1og1	A159,A147,A184,A189	True
870	1oh9	A8,A162,A217,A45,A11	True
870	4usj	A98,A255,A44,A196,A216,A41,A76	True
871	1okg	A61,A253,A75,A255	True
872	1or8	A144,A293,A51,A153	True
873	1oro	A103,A105	True
874	1otg	A36,A2,A72,A41	True
875	1oyg	A342,A86,A164,A247	True
876	1p3d	A130,A129,A173	True
877	1pbg	A160,A375	True
878	1pgs	A118,A60,A206	True
879	1pj5	A259,A552,A225	True
880	1pmi	A304,A285,A113,A310,A136,A111,A109,A138	True
881	1pud	A318,A320,A349,A102,A323,A280	True
882	1qmh	A309,A14	True
883	2dln	A216,A276,A15,A270,A272,A257,A150,A255	True
884	1ses	A345,A256,A386,A348,A271	True
885	2cja	A435,A461,A336,A416,A347,A355,A432,A306,A468,A338	True
886	1tdj	A315,A62	True
887	1qd1	A82	True
888	2abk	A138,A120	True
889	2pgd	A128,A190,A187,A183,A186	True
890	1yve	K319,K252,K315	True
891	1ybv	A182,A223,A178,A164	True
892	2dor	A43,A130	True
893	3mdd	A376	True
894	1tmo	A118,A149	True
895	2npx	A41,A10,A42,A303	True
896	2pec	A166,A131,A218,A170,A129	True
897	1pvi	A68,A70,A58	True
898	1qam	A59,A163,A104,A38,A101	True
899	1qba	A540,A539	True
899	2gjx	A322,A323	True
900	1qe3	A310,A399,A107,A106,A189,A190	True
901	1qfm	A680,A473,A554,A641	True
902	2nac	A313,A332,A146,A284	True
903	1nir	A88,A51,A327,A47,A50,A369	True
904	1qgx	A147,A294,A142,A144,A145,A72,A49	True
905	1qho	A228,A329,A256	True
906	1qib	A202,A205,A201,A211	True
907	1rbl	A294,A203,A201,A175,A204,A334	True
908	1rtu	A62,A41,A85,A101	True
909	1rvv	A88	True
910	1std	A110,A50,A30,A31,A85	True
911	1szj	G149,G176	True
912	1tyf	A122,A97,A98,A68,A171	True
913	1uas	A130,A185	True
914	1uro	A164,A41,A50,A37,A86	True
915	1vid	A199,A170,A169,A141,A144	True
916	4z71	A52,A57,A89,A8,A84,A42	True
917	1xgm	A161,A187,A82,A153,A93,A280	True
918	5cnv	A731,A462,A441,A439,A437,A225,G122,G115,G237,G356,G350,A730	True
919	1xtc	A61,A110,A7,A112	True
920	2hwg	A502,A189,A455,A431	True
921	206l	A11,A20	True
922	1mah	A338,A334,A447,A203,A121,A122,A204,A295	True
923	2acy	A41,A23	True
924	2ayh	A109,A105	True
925	2bii	B272,B139,B271	True
926	2ebn	A132,A130	True
927	2fok	A450,A469,A467	True
928	2nmt	A169,A171,A205,A170,A455	True
929	2oat	A263,A292,A177	True
931	2pth	A93,A114,A68,A20	True
932	2tdt	A189,A141,A166	True
933	2tpl	A214,A448,A381,A123,A124,A257,B71	True
934	3cla	A174,A199,A195,A18	True
935	3nos	A187,A184,A361,A356	True
936	3pca	M457,M447,M462,M460,M408	True
937	7odc	A274,A197,A69	True
938	3rfa	B118,B132,B355,B105,B129,B125	True
939	3cmm	A782,A781,A600,A601,A603	True
940	4h2h	A193,A241,A265,A163,A218,A320	True
941	3gdp	B457,B328,B361,B496,B459,B497	True
942	2oln	A276,A53,A355,A358,A258,A321,A101	True
943	4njk	A51,A50,A49,A31,A46,A116,A204,A25	True
944	3fnl	A108,A184,A258,A190,A105,A351,A188,A186,A110	True
945	3c2e	A144	True
947	1u1z	A58,A59,A49,A55,B63	True
948	1m3s	A60,A57,A160,B46,B88,B149,B152	True
949	4xb6	D272,D266,D244,D32,D241	True
950	3mak	A10	True
951	4mhx	A273,A32,A274,A123,A74,A181,A282,A125,A31	True
952	2hw4	A78,A21,A96,A94,A53,A54	True
953	1deu	A200,A31,A180,A22	True
954	3wql	B90,B38,B34,B51	True
955	3wql	B51,B34	True
956	2zr8	A308,A82,A57,A212,A214,A208	True
957	1tkk	A219,A162,A268,A244,A191	True
958	2p8b	A267,A243,A163,A218,A191	True
959	3dg6	A294,A191,A217,A266,A242,A162	True
960	2qjj	A339,A262,A402,A236,A212,A210,A159,A147,A283	True
961	2hxt	A324,A274,A220,A248,A351,A301	True
962	3d47	A349,A226,A252,A280,A329,A302	True
963	4eay	A271,A351,A352,A368,A233,A298	True
964	1g2i	A71,C474,A100,A101,A120,A70	True
965	5vsm	A84,A91,A88	True
966	4x9e	A118,A117,B442,A69,A268	True
967	3uxj	A194,A197,A233,A201,A234	True
968	4uhx	A893,A1270	True
969	4dgk	A148,A149,A152,A31	True
970	3vmt	A136,A131,A100,A132	True
971	2de2	A25,A73,A27,A60,A70	True
972	2vz9	A1033,A878,A888,A885,A1003,A1037	True
973	3x0y	A92,A391,A388,A96,A129,A163	True
974	4piv	A1995,A2021,A2034,A2038	True
975	4ecs	A13,A231,A61,A14,A113,A116,A52,A55,A115	True
976	2qmj	A443,A542,A600,A366,A444,A214,A406,A526,A539,A327	True
977	2ar8	A346,A79	True
978	3nye	A1048,A1045,A1249,A1053,A1087,A1046	True
979	3mvf	A30,A130,A59	True
980	1dj7	A87,A85,A86,A74,A76,A55,A57	True
981	5odi	B194,B193,B234,B231,B41,B154,B42,B9,B78,B153,B81	True
982	2ble	A289,A188,A186	True
983	2ime	A11,A168,A181,A182,A179	True
984	4e5k	B53,B237,B292	True
985	5my0	C581,C582,C499,C683	True
986	4v2k	A127,A123,A119,A109	True
987	3amz	A1261,A880,A802	True
988	3shd	I51,I23,I119,I55	True
989	4e7k	A221,A128,A185	True
990	5dqr	D237,D332,D262,D417	True
991	4s38	A232	True
992	4qro	G8,G164,G10,G287	True
993	1pgt	A7	True
993	1pkw	A15,A9	True
994	4bzc	A311,A149,A319,A218,A215,A210,A233,A207,A206,A167,A312,A366	True
995	2et1	A149,A75,A88,A85,A77,A139,A95,A137,A90	True
996	4l1g	C135,C225,C80,C131,C81,C171	True
997	6fkw	A299,A172,A301,A256	True
998	5g0i	A230,A228,A192,A193,A323,A232,A363	True
999	1t8u	A184,A162,A215,A189,A186,A368	True
1000	1rtd	A220,A111,A185,A186,A110	True
1001	5m4g	A276,A377,A370,A255,A412,A452,A398,A287	True
1002	3aie	A515,A588,A477	True
1003	3r6v	A187,C318,B140,B142,C324,A188,B141,C319,B101	True
1004	3lkk	A5,A45,A163,A144,A50,A205,A14,A8	True
1005	1hnn	A185,A219	True
